use IVP3686 -- Connect with respective Database
-- Creating tables and populating Data

CREATE TABLE JOBS
(JOB_ID NVARCHAR(10) CONSTRAINT JOBS_ID_PK PRIMARY KEY, 
 JOB_TITLE NVARCHAR(50) CONSTRAINT JOBS_TITLE_NN NOT NULL,
 MIN_SALARY int,
 MAX_SALARY int);


INSERT INTO JOBS(JOB_ID, JOB_TITLE, MIN_SALARY, MAX_SALARY)
VALUES('AD_PRES','President',20000,40000); 

INSERT INTO JOBS(JOB_ID, JOB_TITLE, MIN_SALARY, MAX_SALARY)
VALUES('AD_VP','Administration Vice President',15000,30000);

INSERT INTO JOBS(JOB_ID, JOB_TITLE, MIN_SALARY, MAX_SALARY)
VALUES('AD_ASST', 'Administration Assistant', 3000, 6000); 

INSERT INTO JOBS(JOB_ID, JOB_TITLE, MIN_SALARY, MAX_SALARY)
VALUES('FI_MGR', 'Finance Manager', 8200, 16000);

INSERT INTO JOBS(JOB_ID, JOB_TITLE, MIN_SALARY, MAX_SALARY)
VALUES('FI_ACCOUNT', 'Accountant', 4200, 9000);

INSERT INTO JOBS(JOB_ID, JOB_TITLE, MIN_SALARY, MAX_SALARY)
VALUES('AC_MGR' ,'Accounting Manager', 8200, 16000); 

INSERT INTO JOBS(JOB_ID, JOB_TITLE, MIN_SALARY, MAX_SALARY)
VALUES('AC_ACCOUNT', 'Public Accountant', 4200, 9000); 

INSERT INTO JOBS(JOB_ID, JOB_TITLE, MIN_SALARY, MAX_SALARY)
VALUES('SA_MAN', 'Sales Manager', 10000, 20000);
INSERT INTO JOBS(JOB_ID, JOB_TITLE, MIN_SALARY, MAX_SALARY)
VALUES('SA_REP', 'Sales Representative', 6000, 12000); 

INSERT INTO JOBS(JOB_ID, JOB_TITLE, MIN_SALARY, MAX_SALARY)
VALUES('PU_MAN', 'Purchasing Manager', 8000, 15000);

INSERT INTO JOBS(JOB_ID, JOB_TITLE, MIN_SALARY, MAX_SALARY)
VALUES('PU_CLERK', 'Purchasing Clerk', 2500, 5500);

INSERT INTO JOBS(JOB_ID, JOB_TITLE, MIN_SALARY, MAX_SALARY)
VALUES('ST_MAN', 'Stock Manager', 5500, 8500);

INSERT INTO JOBS(JOB_ID, JOB_TITLE, MIN_SALARY, MAX_SALARY)
VALUES('ST_CLERK', 'Stock Clerk', 2000, 5000);

INSERT INTO JOBS(JOB_ID, JOB_TITLE, MIN_SALARY, MAX_SALARY)
VALUES('SH_CLERK', 'Shipping Clerk', 2500, 5500);

INSERT INTO JOBS(JOB_ID, JOB_TITLE, MIN_SALARY, MAX_SALARY) 
VALUES('IT_PROG', 'Programmer', 4000,10000);

INSERT INTO JOBS(JOB_ID, JOB_TITLE, MIN_SALARY, MAX_SALARY)
VALUES('MK_MAN', 'Marketing Manager', 9000,15000); 

INSERT INTO JOBS(JOB_ID, JOB_TITLE, MIN_SALARY, MAX_SALARY)
VALUES('MK_REP', 'Marketing Representative', 4000,9000); 

INSERT INTO JOBS(JOB_ID, JOB_TITLE, MIN_SALARY, MAX_SALARY)
VALUES('HR_REP', 'Human Resources Representative', 4000,9000); 

INSERT INTO JOBS(JOB_ID, JOB_TITLE, MIN_SALARY, MAX_SALARY)
VALUES('PR_REP', 'Public Relations Representative', 4500,10500); 



CREATE TABLE DEPARTMENTS
(DEPARTMENT_ID int CONSTRAINT DEPT_ID_PK PRIMARY KEY,  
 DEPARTMENT_NAME NVARCHAR(30) CONSTRAINT DEPT_NAME_NN NOT NULL,
 MANAGER_ID int);



INSERT INTO DEPARTMENTS(DEPARTMENT_ID, DEPARTMENT_NAME, MANAGER_ID)
VALUES(10,'Administration', 200); 

INSERT INTO DEPARTMENTS(DEPARTMENT_ID, DEPARTMENT_NAME, MANAGER_ID)
VALUES(20 ,'Marketing', 201);

INSERT INTO DEPARTMENTS(DEPARTMENT_ID, DEPARTMENT_NAME, MANAGER_ID)
VALUES(30 ,'Purchasing', 114);

INSERT INTO DEPARTMENTS(DEPARTMENT_ID, DEPARTMENT_NAME, MANAGER_ID)
VALUES(40 ,'Human Resources', 203);

INSERT INTO DEPARTMENTS(DEPARTMENT_ID, DEPARTMENT_NAME, MANAGER_ID)
VALUES(50 ,'Shipping', 121);

INSERT INTO DEPARTMENTS(DEPARTMENT_ID, DEPARTMENT_NAME, MANAGER_ID)
VALUES(60 ,'IT', 103);

INSERT INTO DEPARTMENTS(DEPARTMENT_ID, DEPARTMENT_NAME, MANAGER_ID)
VALUES(70 ,'Public Relations', 204);

INSERT INTO DEPARTMENTS(DEPARTMENT_ID, DEPARTMENT_NAME, MANAGER_ID)
VALUES(80 ,'Sales', 145);

INSERT INTO DEPARTMENTS(DEPARTMENT_ID, DEPARTMENT_NAME, MANAGER_ID)
VALUES(90 ,'Executive', 100);

INSERT INTO DEPARTMENTS(DEPARTMENT_ID, DEPARTMENT_NAME, MANAGER_ID)
VALUES(100 ,'Finance', 108); 

INSERT INTO DEPARTMENTS(DEPARTMENT_ID, DEPARTMENT_NAME, MANAGER_ID)
VALUES(110 ,'Accounting', 205);

INSERT INTO DEPARTMENTS(DEPARTMENT_ID, DEPARTMENT_NAME, MANAGER_ID)
VALUES(120 ,'Treasury', NULL);

INSERT INTO DEPARTMENTS(DEPARTMENT_ID, DEPARTMENT_NAME, MANAGER_ID)
VALUES(130 ,'Corporate Tax', NULL);

INSERT INTO DEPARTMENTS(DEPARTMENT_ID, DEPARTMENT_NAME, MANAGER_ID)
VALUES(140 ,'Control And Credit', NULL);

INSERT INTO DEPARTMENTS(DEPARTMENT_ID, DEPARTMENT_NAME, MANAGER_ID)
VALUES(150 ,'Shareholder Services', NULL);

INSERT INTO DEPARTMENTS(DEPARTMENT_ID, DEPARTMENT_NAME, MANAGER_ID)
VALUES(160 ,'Benefits', NULL);

INSERT INTO DEPARTMENTS(DEPARTMENT_ID, DEPARTMENT_NAME, MANAGER_ID)
VALUES(170 ,'Manufacturing', NULL);

INSERT INTO DEPARTMENTS(DEPARTMENT_ID, DEPARTMENT_NAME, MANAGER_ID)
VALUES(180 ,'Construction', NULL);

INSERT INTO DEPARTMENTS(DEPARTMENT_ID, DEPARTMENT_NAME, MANAGER_ID)
VALUES(190 ,'Contracting', NULL);

INSERT INTO DEPARTMENTS(DEPARTMENT_ID, DEPARTMENT_NAME, MANAGER_ID)
VALUES(200 ,'Operations', NULL);

INSERT INTO DEPARTMENTS(DEPARTMENT_ID, DEPARTMENT_NAME, MANAGER_ID)
VALUES(210 ,'IT Support', NULL);

INSERT INTO DEPARTMENTS(DEPARTMENT_ID, DEPARTMENT_NAME, MANAGER_ID)
VALUES(220 ,'NOC', NULL);

INSERT INTO DEPARTMENTS(DEPARTMENT_ID, DEPARTMENT_NAME, MANAGER_ID)
VALUES(230 ,'IT Helpdesk', NULL);

INSERT INTO DEPARTMENTS(DEPARTMENT_ID, DEPARTMENT_NAME, MANAGER_ID)
VALUES(240 ,'Government Sales', NULL);

INSERT INTO DEPARTMENTS(DEPARTMENT_ID, DEPARTMENT_NAME, MANAGER_ID)
VALUES(250 ,'Retail SaleS', NULL);
 

CREATE TABLE EMPLOYEES
(EMPLOYEE_ID int CONSTRAINT EMP_EMP_ID_PK PRIMARY KEY,
 FIRST_NAME VARCHAR(20) CONSTRAINT EMP_LAST_NAME_NN NOT NULL,
 LAST_NAME VARCHAR(25),
 EMAIL VARCHAR(50) CONSTRAINT EMP_EMAIL_NN NOT NULL,  
 PHONE_NUMBER VARCHAR(20) ,
 HIRE_DATE DATETIME CONSTRAINT EMP_HIRE_DATE_NN NOT NULL,  
 JOB_ID NVARCHAR(10) CONSTRAINT EMP_JOB_NN NOT NULL,  
 SALARY FLOAT CONSTRAINT EMP_SALARY_MIN CHECK (SALARY > 0),
 COMMISSION_PCT float,
 MANAGER_ID int,
 DEPARTMENT_ID int,
 CONSTRAINT EMP_EMAIL_UK UNIQUE(EMAIL),
 CONSTRAINT EMP_MANAGER_FK FOREIGN KEY(MANAGER_ID) REFERENCES EMPLOYEES(EMPLOYEE_ID),
 CONSTRAINT EMP_DEPT_FK FOREIGN KEY(DEPARTMENT_ID) REFERENCES DEPARTMENTS(DEPARTMENT_ID),
 CONSTRAINT EMP_JOB_FK FOREIGN KEY(JOB_ID) REFERENCES JOBS(JOB_ID));


INSERT INTO EMPLOYEES(EMPLOYEE_ID, FIRST_NAME, LAST_NAME, EMAIL, PHONE_NUMBER, HIRE_DATE, JOB_ID, SALARY, COMMISSION_PCT, MANAGER_ID, DEPARTMENT_ID)
VALUES(100 ,'Steven', 'King', 'SKING', '515.123.4567', '1987-06-17', 'AD_PRES', 24000, NULL, NULL, 90);

INSERT INTO EMPLOYEES(EMPLOYEE_ID, FIRST_NAME, LAST_NAME, EMAIL, PHONE_NUMBER, HIRE_DATE, JOB_ID, SALARY, COMMISSION_PCT, MANAGER_ID, DEPARTMENT_ID)
VALUES(101, 'Neena', 'Kochhar', 'NKOCHHAR', '515.123.4568', '1989-09-21', 'AD_VP', 17000, null, 100,  90);

INSERT INTO EMPLOYEES(EMPLOYEE_ID, FIRST_NAME, LAST_NAME, EMAIL, PHONE_NUMBER, HIRE_DATE, JOB_ID, SALARY, COMMISSION_PCT, MANAGER_ID, DEPARTMENT_ID)
VALUES(102, 'Lex', 'De Haan', 'LDEHAAN', '515.123.4569', '1993-01-13', 'AD_VP', 17000, null, 100, 90);

INSERT INTO EMPLOYEES(EMPLOYEE_ID, FIRST_NAME, LAST_NAME, EMAIL, PHONE_NUMBER, HIRE_DATE, JOB_ID, SALARY, COMMISSION_PCT, MANAGER_ID, DEPARTMENT_ID)
VALUES(103, 'Alexander', 'Hunold', 'AHUNOLD', '590.423.4567', '1990-01-03', 'IT_PROG', 9000, null, 102, 60 );

INSERT INTO EMPLOYEES(EMPLOYEE_ID, FIRST_NAME, LAST_NAME, EMAIL, PHONE_NUMBER, HIRE_DATE, JOB_ID, SALARY, COMMISSION_PCT, MANAGER_ID, DEPARTMENT_ID)
VALUES(104, 'Bruce', 'Ernst', 'BERNST', '590.423.4568', '1991-05-21', 'IT_PROG', 6000, null, 103, 60 );

INSERT INTO EMPLOYEES(EMPLOYEE_ID, FIRST_NAME, LAST_NAME, EMAIL, PHONE_NUMBER, HIRE_DATE, JOB_ID, SALARY, COMMISSION_PCT, MANAGER_ID, DEPARTMENT_ID)
VALUES(105, 'David', 'Austin', 'DAUSTIN', '590.423.4569', '1997-06-25', 'IT_PROG', 4800,  null, 103,  60 );

INSERT INTO EMPLOYEES(EMPLOYEE_ID, FIRST_NAME, LAST_NAME, EMAIL, PHONE_NUMBER, HIRE_DATE, JOB_ID, SALARY, COMMISSION_PCT, MANAGER_ID, DEPARTMENT_ID)
VALUES(106, 'Valli', 'Pataballa', 'VPATABAL', '590.423.4560', '1998-02-05', 'IT_PROG', 4800, null, 103, 60 );

INSERT INTO EMPLOYEES(EMPLOYEE_ID, FIRST_NAME, LAST_NAME, EMAIL, PHONE_NUMBER, HIRE_DATE, JOB_ID, SALARY, COMMISSION_PCT, MANAGER_ID, DEPARTMENT_ID)
VALUES(107, 'Diana', 'Lorentz', 'DLORENTZ', '590.423.5567', '1999-02-07', 'IT_PROG', 4200, null, 103, 60 );

INSERT INTO EMPLOYEES(EMPLOYEE_ID, FIRST_NAME, LAST_NAME, EMAIL, PHONE_NUMBER, HIRE_DATE, JOB_ID, SALARY, COMMISSION_PCT, MANAGER_ID, DEPARTMENT_ID)
VALUES(108, 'Nancy', 'Greenberg', 'NGREENBE', '515.124.4569', '1994-08-17', 'FI_MGR', 12000, null, 101, 100 );

INSERT INTO EMPLOYEES(EMPLOYEE_ID, FIRST_NAME, LAST_NAME, EMAIL, PHONE_NUMBER, HIRE_DATE, JOB_ID, SALARY, COMMISSION_PCT, MANAGER_ID, DEPARTMENT_ID)
VALUES(109, 'Daniel', 'Faviet', 'DFAVIET', '515.124.4169', '1994-08-16', 'FI_ACCOUNT', 9000, null, 108, 100 );

INSERT INTO EMPLOYEES(EMPLOYEE_ID, FIRST_NAME, LAST_NAME, EMAIL, PHONE_NUMBER, HIRE_DATE, JOB_ID, SALARY, COMMISSION_PCT, MANAGER_ID, DEPARTMENT_ID)
VALUES(110, 'John', 'Chen', 'JCHEN', '515.124.4269', '1997-09-28', 'FI_ACCOUNT', 8200, null, 108, 100 );

INSERT INTO EMPLOYEES(EMPLOYEE_ID, FIRST_NAME, LAST_NAME, EMAIL, PHONE_NUMBER, HIRE_DATE, JOB_ID, SALARY, COMMISSION_PCT, MANAGER_ID, DEPARTMENT_ID)
VALUES(111, 'Ismael', 'Sciarra', 'ISCIARRA', '515.124.4369', '1997-09-30', 'FI_ACCOUNT', 7700, null, 108, 100 );

INSERT INTO EMPLOYEES(EMPLOYEE_ID, FIRST_NAME, LAST_NAME, EMAIL, PHONE_NUMBER, HIRE_DATE, JOB_ID, SALARY, COMMISSION_PCT, MANAGER_ID, DEPARTMENT_ID)
VALUES(112, 'JoseManuel', 'Urman', 'JMURMAN', '515.124.4469', '1998-03-07', 'FI_ACCOUNT', 7800, null, 108, 100 );

INSERT INTO EMPLOYEES(EMPLOYEE_ID, FIRST_NAME, LAST_NAME, EMAIL, PHONE_NUMBER, HIRE_DATE, JOB_ID, SALARY, COMMISSION_PCT, MANAGER_ID, DEPARTMENT_ID)
VALUES(113, 'Luis', 'Popp', 'LPOPP', '515.124.4567', '1999-12-07', 'FI_ACCOUNT', 6900, null, 108, 100 );

INSERT INTO EMPLOYEES(EMPLOYEE_ID, FIRST_NAME, LAST_NAME, EMAIL, PHONE_NUMBER, HIRE_DATE, JOB_ID, SALARY, COMMISSION_PCT, MANAGER_ID, DEPARTMENT_ID)
VALUES(114, 'Den', 'Raphaely', 'DRAPHEAL', '515.127.4561', '1994-12-07', 'PU_MAN', 11000, null, 100, 30 );

INSERT INTO EMPLOYEES(EMPLOYEE_ID, FIRST_NAME, LAST_NAME, EMAIL, PHONE_NUMBER, HIRE_DATE, JOB_ID, SALARY, COMMISSION_PCT, MANAGER_ID, DEPARTMENT_ID)
VALUES(115, 'Alexander', 'Khoo', 'AKHOO', '515.127.4562', '1995-05-18', 'PU_CLERK', 3100, null, 114, 30 );

INSERT INTO EMPLOYEES(EMPLOYEE_ID, FIRST_NAME, LAST_NAME, EMAIL, PHONE_NUMBER, HIRE_DATE, JOB_ID, SALARY, COMMISSION_PCT, MANAGER_ID, DEPARTMENT_ID)
VALUES(116, 'Shelli', 'Baida', 'SBAIDA', '515.127.4563', '1997-12-24', 'PU_CLERK', 2900, null, 114, 30 );

INSERT INTO EMPLOYEES(EMPLOYEE_ID, FIRST_NAME, LAST_NAME, EMAIL, PHONE_NUMBER, HIRE_DATE, JOB_ID, SALARY, COMMISSION_PCT, MANAGER_ID, DEPARTMENT_ID)
VALUES(117, 'Sigal', 'Tobias', 'STOBIAS', '515.127.4564', '1997-07-24', 'PU_CLERK', 2800, null, 114, 30);

INSERT INTO EMPLOYEES(EMPLOYEE_ID, FIRST_NAME, LAST_NAME, EMAIL, PHONE_NUMBER, HIRE_DATE, JOB_ID, SALARY, COMMISSION_PCT, MANAGER_ID, DEPARTMENT_ID)
VALUES(118, 'Guy', 'Himuro', 'GHIMURO', '515.127.4565', '1998-11-15', 'PU_CLERK', 2600, null, 114, 30);

INSERT INTO EMPLOYEES(EMPLOYEE_ID, FIRST_NAME, LAST_NAME, EMAIL, PHONE_NUMBER, HIRE_DATE, JOB_ID, SALARY, COMMISSION_PCT, MANAGER_ID, DEPARTMENT_ID)
VALUES(119, 'Karen', 'Colmenares', 'KCOLMENA', '515.127.4566', '1999-08-10', 'PU_CLERK', 2500, null, 114, 30);

INSERT INTO EMPLOYEES(EMPLOYEE_ID, FIRST_NAME, LAST_NAME, EMAIL, PHONE_NUMBER, HIRE_DATE, JOB_ID, SALARY, COMMISSION_PCT, MANAGER_ID, DEPARTMENT_ID)
VALUES(120, 'Matthew', 'Weiss', 'MWEISS', '650.123.1234', '1996-07-18', 'ST_MAN', 8000, null, 100, 50); 

INSERT INTO EMPLOYEES(EMPLOYEE_ID, FIRST_NAME, LAST_NAME, EMAIL, PHONE_NUMBER, HIRE_DATE, JOB_ID, SALARY, COMMISSION_PCT, MANAGER_ID, DEPARTMENT_ID)
VALUES(121, 'Adam', 'Fripp', 'AFRIPP', '650.123.2234', '1997-04-10', 'ST_MAN', 8200, null, 100, 50 );

INSERT INTO EMPLOYEES(EMPLOYEE_ID, FIRST_NAME, LAST_NAME, EMAIL, PHONE_NUMBER, HIRE_DATE, JOB_ID, SALARY, COMMISSION_PCT, MANAGER_ID, DEPARTMENT_ID)
VALUES(122, 'Payam', 'Kaufling', 'PKAUFLIN', '650.123.3234', '1995-05-01', 'ST_MAN', 7900, null, 100, 50 );

INSERT INTO EMPLOYEES(EMPLOYEE_ID, FIRST_NAME, LAST_NAME, EMAIL, PHONE_NUMBER, HIRE_DATE, JOB_ID, SALARY, COMMISSION_PCT, MANAGER_ID, DEPARTMENT_ID)
VALUES(123, 'Shanta', 'Vollman', 'SVOLLMAN', '650.123.4234', '1997-10-10', 'ST_MAN', 6500, null, 100, 50 );

INSERT INTO EMPLOYEES(EMPLOYEE_ID, FIRST_NAME, LAST_NAME, EMAIL, PHONE_NUMBER, HIRE_DATE, JOB_ID, SALARY, COMMISSION_PCT, MANAGER_ID, DEPARTMENT_ID)
VALUES(124, 'Kevin', 'Mourgos', 'KMOURGOS', '650.123.5234', '1999-11-16', 'ST_MAN', 5800, null, 100, 50 );

INSERT INTO EMPLOYEES(EMPLOYEE_ID, FIRST_NAME, LAST_NAME, EMAIL, PHONE_NUMBER, HIRE_DATE, JOB_ID, SALARY, COMMISSION_PCT, MANAGER_ID, DEPARTMENT_ID)
VALUES(125, 'Julia', 'Nayer', 'JNAYER', '650.124.1214', '1997-07-16', 'ST_CLERK', 3200, null, 120, 50 );

INSERT INTO EMPLOYEES(EMPLOYEE_ID, FIRST_NAME, LAST_NAME, EMAIL, PHONE_NUMBER, HIRE_DATE, JOB_ID, SALARY, COMMISSION_PCT, MANAGER_ID, DEPARTMENT_ID)
VALUES(126, 'Irene', 'Mikkilineni', 'IMIKKILI', '650.124.1224', '1998-09-28', 'ST_CLERK', 2700, null, 120, 50 );

INSERT INTO EMPLOYEES(EMPLOYEE_ID, FIRST_NAME, LAST_NAME, EMAIL, PHONE_NUMBER, HIRE_DATE, JOB_ID, SALARY, COMMISSION_PCT, MANAGER_ID, DEPARTMENT_ID)
VALUES(127, 'James', 'Landry', 'JLANDRY', '650.124.1334', '1999-01-14', 'ST_CLERK', 2400, null, 120, 50 );

INSERT INTO EMPLOYEES(EMPLOYEE_ID, FIRST_NAME, LAST_NAME, EMAIL, PHONE_NUMBER, HIRE_DATE, JOB_ID, SALARY, COMMISSION_PCT, MANAGER_ID, DEPARTMENT_ID)
VALUES(128, 'Steven', 'Markle', 'SMARKLE', '650.124.1434', '2000-03-08', 'ST_CLERK', 2200, null, 120, 50 );

INSERT INTO EMPLOYEES(EMPLOYEE_ID, FIRST_NAME, LAST_NAME, EMAIL, PHONE_NUMBER, HIRE_DATE, JOB_ID, SALARY, COMMISSION_PCT, MANAGER_ID, DEPARTMENT_ID)
VALUES(129, 'Laura', 'Bissot', 'LBISSOT', '650.124.5234', '1997-08-20', 'ST_CLERK', 3300, null, 121, 50 );

INSERT INTO EMPLOYEES(EMPLOYEE_ID, FIRST_NAME, LAST_NAME, EMAIL, PHONE_NUMBER, HIRE_DATE, JOB_ID, SALARY, COMMISSION_PCT, MANAGER_ID, DEPARTMENT_ID)
VALUES(130, 'Mozhe', 'Atkinson', 'MATKINSO', '650.124.6234', '1997-10-30', 'ST_CLERK', 2800, null, 121, 50); 

INSERT INTO EMPLOYEES(EMPLOYEE_ID, FIRST_NAME, LAST_NAME, EMAIL, PHONE_NUMBER, HIRE_DATE, JOB_ID, SALARY, COMMISSION_PCT, MANAGER_ID, DEPARTMENT_ID)
VALUES(131, 'James', 'Marlow', 'JAMRLOW', '650.124.7234', '1997-02-16', 'ST_CLERK', 2500, null, 121, 50 );

INSERT INTO EMPLOYEES(EMPLOYEE_ID, FIRST_NAME, LAST_NAME, EMAIL, PHONE_NUMBER, HIRE_DATE, JOB_ID, SALARY, COMMISSION_PCT, MANAGER_ID, DEPARTMENT_ID)
VALUES(132, 'TJ', 'Olson', 'TJOLSON', '650.124.8234', '1999-04-10', 'ST_CLERK', 2100, null, 121, 50 );

INSERT INTO EMPLOYEES(EMPLOYEE_ID, FIRST_NAME, LAST_NAME, EMAIL, PHONE_NUMBER, HIRE_DATE, JOB_ID, SALARY, COMMISSION_PCT, MANAGER_ID, DEPARTMENT_ID)
VALUES(133, 'Jason', 'Mallin', 'JMALLIN', '650.127.1934', '1996-06-14', 'ST_CLERK', 3300, null, 122, 50 );

INSERT INTO EMPLOYEES(EMPLOYEE_ID, FIRST_NAME, LAST_NAME, EMAIL, PHONE_NUMBER, HIRE_DATE, JOB_ID, SALARY, COMMISSION_PCT, MANAGER_ID, DEPARTMENT_ID)
VALUES(134, 'Michael', 'Rogers', 'MROGERS', '650.127.1834', '1998-08-26', 'ST_CLERK', 2900, null, 122, 50 );

INSERT INTO EMPLOYEES(EMPLOYEE_ID, FIRST_NAME, LAST_NAME, EMAIL, PHONE_NUMBER, HIRE_DATE, JOB_ID, SALARY, COMMISSION_PCT, MANAGER_ID, DEPARTMENT_ID)
VALUES(135, 'Ki', 'Gee', 'KGEE', '650.127.1734', '1999-12-12', 'ST_CLERK', 2400, null, 122, 50 );

INSERT INTO EMPLOYEES(EMPLOYEE_ID, FIRST_NAME, LAST_NAME, EMAIL, PHONE_NUMBER, HIRE_DATE, JOB_ID, SALARY, COMMISSION_PCT, MANAGER_ID, DEPARTMENT_ID)
VALUES(136, 'Hazel', 'Philtanker', 'HPHILTAN', '650.127.1634', '2000-02-06', 'ST_CLERK', 2200, null, 122, 50); 

INSERT INTO EMPLOYEES(EMPLOYEE_ID, FIRST_NAME, LAST_NAME, EMAIL, PHONE_NUMBER, HIRE_DATE, JOB_ID, SALARY, COMMISSION_PCT, MANAGER_ID, DEPARTMENT_ID)
VALUES(137, 'Renske', 'Ladwig', 'RLADWIG', '650.121.1234', '1995-07-14', 'ST_CLERK', 3600, null, 123, 50 );

INSERT INTO EMPLOYEES(EMPLOYEE_ID, FIRST_NAME, LAST_NAME, EMAIL, PHONE_NUMBER, HIRE_DATE, JOB_ID, SALARY, COMMISSION_PCT, MANAGER_ID, DEPARTMENT_ID)
VALUES(138, 'Stephen', 'Stiles', 'SSTILES', '650.121.2034', '1997-10-26', 'ST_CLERK', 3200, null, 123, 50 );

INSERT INTO EMPLOYEES(EMPLOYEE_ID, FIRST_NAME, LAST_NAME, EMAIL, PHONE_NUMBER, HIRE_DATE, JOB_ID, SALARY, COMMISSION_PCT, MANAGER_ID, DEPARTMENT_ID)
VALUES(139, 'John', 'Seo', 'JSEO', '650.121.2019', '1998-02-12', 'ST_CLERK', 2700, null, 123, 50 );

INSERT INTO EMPLOYEES(EMPLOYEE_ID, FIRST_NAME, LAST_NAME, EMAIL, PHONE_NUMBER, HIRE_DATE, JOB_ID, SALARY, COMMISSION_PCT, MANAGER_ID, DEPARTMENT_ID)
VALUES(140, 'Joshua', 'Patel', 'JPATEL', '650.121.1834', '1998-04-06', 'ST_CLERK', 2500, null, 123, 50 );

INSERT INTO EMPLOYEES(EMPLOYEE_ID, FIRST_NAME, LAST_NAME, EMAIL, PHONE_NUMBER, HIRE_DATE, JOB_ID, SALARY, COMMISSION_PCT, MANAGER_ID, DEPARTMENT_ID)
VALUES(141, 'Trenna', 'Rajs', 'TRAJS', '650.121.8009', '1995-10-17', 'ST_CLERK', 3500, null, 124, 50); 

INSERT INTO EMPLOYEES(EMPLOYEE_ID, FIRST_NAME, LAST_NAME, EMAIL, PHONE_NUMBER, HIRE_DATE, JOB_ID, SALARY, COMMISSION_PCT, MANAGER_ID, DEPARTMENT_ID)
VALUES(142, 'Curtis', 'Davies', 'CDAVIES', '650.121.2994', '1997-01-29', 'ST_CLERK', 3100, null, 124, 50); 

INSERT INTO EMPLOYEES(EMPLOYEE_ID, FIRST_NAME, LAST_NAME, EMAIL, PHONE_NUMBER, HIRE_DATE, JOB_ID, SALARY, COMMISSION_PCT, MANAGER_ID, DEPARTMENT_ID)
VALUES(143, 'Randall', 'Matos', 'RMATOS', '650.121.2874', '1998-03-15', 'ST_CLERK', 2600, null, 124, 50 );

INSERT INTO EMPLOYEES(EMPLOYEE_ID, FIRST_NAME, LAST_NAME, EMAIL, PHONE_NUMBER, HIRE_DATE, JOB_ID, SALARY, COMMISSION_PCT, MANAGER_ID, DEPARTMENT_ID)
VALUES(144, 'Peter', 'Vargas', 'PVARGAS', '650.121.2004', '1998-07-09', 'ST_CLERK', 2500, null, 124, 50 );

INSERT INTO EMPLOYEES(EMPLOYEE_ID, FIRST_NAME, LAST_NAME, EMAIL, PHONE_NUMBER, HIRE_DATE, JOB_ID, SALARY, COMMISSION_PCT, MANAGER_ID, DEPARTMENT_ID)
VALUES(145, 'John', 'Russell', 'JRUSSEL', '011.44.1344.429268', '1996-10-01', 'SA_MAN', 14000, .4, 100, 80 );

INSERT INTO EMPLOYEES(EMPLOYEE_ID, FIRST_NAME, LAST_NAME, EMAIL, PHONE_NUMBER, HIRE_DATE, JOB_ID, SALARY, COMMISSION_PCT, MANAGER_ID, DEPARTMENT_ID)
VALUES(146, 'Karen', 'Partners', 'KPARTNER', '011.44.1344.467268', '1997-01-05', 'SA_MAN', 13500, .3, 100, 80); 

INSERT INTO EMPLOYEES(EMPLOYEE_ID, FIRST_NAME, LAST_NAME, EMAIL, PHONE_NUMBER, HIRE_DATE, JOB_ID, SALARY, COMMISSION_PCT, MANAGER_ID, DEPARTMENT_ID)
VALUES(147, 'Alberto', 'Errazuriz', 'AERRAZUR', '011.44.1344.429278', '1997-03-10', 'SA_MAN', 12000, .3, 100, 80); 

INSERT INTO EMPLOYEES(EMPLOYEE_ID, FIRST_NAME, LAST_NAME, EMAIL, PHONE_NUMBER, HIRE_DATE, JOB_ID, SALARY, COMMISSION_PCT, MANAGER_ID, DEPARTMENT_ID)
VALUES(148, 'Gerald', 'Cambrault', 'GCAMBRAU', '011.44.1344.619268', '1999-10-15', 'SA_MAN', 11000, .3, 100, 80 );

INSERT INTO EMPLOYEES(EMPLOYEE_ID, FIRST_NAME, LAST_NAME, EMAIL, PHONE_NUMBER, HIRE_DATE, JOB_ID, SALARY, COMMISSION_PCT, MANAGER_ID, DEPARTMENT_ID)
VALUES(149, 'Eleni', 'Zlotkey', 'EZLOTKEY', '011.44.1344.429018', '2000-01-29', 'SA_MAN', 10500, .2, 100, 80 );

INSERT INTO EMPLOYEES(EMPLOYEE_ID, FIRST_NAME, LAST_NAME, EMAIL, PHONE_NUMBER, HIRE_DATE, JOB_ID, SALARY, COMMISSION_PCT, MANAGER_ID, DEPARTMENT_ID)
VALUES(150, 'Peter', 'Tucker', 'PTUCKER', '011.44.1344.129268', '1997-01-30', 'SA_REP', 10000, .3, 145, 80 );

INSERT INTO EMPLOYEES(EMPLOYEE_ID, FIRST_NAME, LAST_NAME, EMAIL, PHONE_NUMBER, HIRE_DATE, JOB_ID, SALARY, COMMISSION_PCT, MANAGER_ID, DEPARTMENT_ID)
VALUES(151, 'David', 'Bernstein', 'DBERNSTE', '011.44.1344.345268', '1997-03-24', 'SA_REP', 9500, .25, 145, 80); 

INSERT INTO EMPLOYEES(EMPLOYEE_ID, FIRST_NAME, LAST_NAME, EMAIL, PHONE_NUMBER, HIRE_DATE, JOB_ID, SALARY, COMMISSION_PCT, MANAGER_ID, DEPARTMENT_ID)
VALUES(152, 'Peter', 'Hall', 'PHALL', '011.44.1344.478968', '1997-08-20', 'SA_REP', 9000, .25, 145, 80 );

INSERT INTO EMPLOYEES(EMPLOYEE_ID, FIRST_NAME, LAST_NAME, EMAIL, PHONE_NUMBER, HIRE_DATE, JOB_ID, SALARY, COMMISSION_PCT, MANAGER_ID, DEPARTMENT_ID)
VALUES(153, 'Christopher', 'Olsen', 'COLSEN', '011.44.1344.498718', '1998-03-30', 'SA_REP', 8000, .2, 145, 80); 

INSERT INTO EMPLOYEES(EMPLOYEE_ID, FIRST_NAME, LAST_NAME, EMAIL, PHONE_NUMBER, HIRE_DATE, JOB_ID, SALARY, COMMISSION_PCT, MANAGER_ID, DEPARTMENT_ID)
VALUES(154, 'Nanette', 'Cambrault', 'NCAMBRAU', '011.44.1344.987668', '1998-12-09', 'SA_REP', 7500, .2, 145, 80); 

INSERT INTO EMPLOYEES(EMPLOYEE_ID, FIRST_NAME, LAST_NAME, EMAIL, PHONE_NUMBER, HIRE_DATE, JOB_ID, SALARY, COMMISSION_PCT, MANAGER_ID, DEPARTMENT_ID)
VALUES(155, 'Oliver', 'Tuvault', 'OTUVAULT', '011.44.1344.486508', '1999-11-23', 'SA_REP', 7000, .15, 145, 80 );

INSERT INTO EMPLOYEES(EMPLOYEE_ID, FIRST_NAME, LAST_NAME, EMAIL, PHONE_NUMBER, HIRE_DATE, JOB_ID, SALARY, COMMISSION_PCT, MANAGER_ID, DEPARTMENT_ID)
VALUES(156, 'Janette', 'King', 'JKING', '011.44.1345.429268', '1996-01-30', 'SA_REP', 10000, .35, 146, 80 );

INSERT INTO EMPLOYEES(EMPLOYEE_ID, FIRST_NAME, LAST_NAME, EMAIL, PHONE_NUMBER, HIRE_DATE, JOB_ID, SALARY, COMMISSION_PCT, MANAGER_ID, DEPARTMENT_ID)
VALUES(157, 'Patrick', 'Sully', 'PSULLY', '011.44.1345.929268', '1996-03-04', 'SA_REP', 9500, .35, 146, 80 );

INSERT INTO EMPLOYEES(EMPLOYEE_ID, FIRST_NAME, LAST_NAME, EMAIL, PHONE_NUMBER, HIRE_DATE, JOB_ID, SALARY, COMMISSION_PCT, MANAGER_ID, DEPARTMENT_ID)
VALUES(158, 'Allan', 'McEwen', 'AMCEWEN', '011.44.1345.829268', '1996-08-01', 'SA_REP', 9000, .35, 146, 80 );

INSERT INTO EMPLOYEES(EMPLOYEE_ID, FIRST_NAME, LAST_NAME, EMAIL, PHONE_NUMBER, HIRE_DATE, JOB_ID, SALARY, COMMISSION_PCT, MANAGER_ID, DEPARTMENT_ID)
VALUES(159, 'Lindsey', 'Smith', 'LSMITH', '011.44.1345.729268', '1997-03-10', 'SA_REP', 8000, .3, 146, 80 );

INSERT INTO EMPLOYEES(EMPLOYEE_ID, FIRST_NAME, LAST_NAME, EMAIL, PHONE_NUMBER, HIRE_DATE, JOB_ID, SALARY, COMMISSION_PCT, MANAGER_ID, DEPARTMENT_ID)
VALUES(160, 'Louise', 'Doran', 'LDORAN', '011.44.1345.629268', '1997-12-15', 'SA_REP', 7500, .3 ,146, 80 );

INSERT INTO EMPLOYEES(EMPLOYEE_ID, FIRST_NAME, LAST_NAME, EMAIL, PHONE_NUMBER, HIRE_DATE, JOB_ID, SALARY, COMMISSION_PCT, MANAGER_ID, DEPARTMENT_ID)
VALUES(161, 'Sarath', 'Sewall', 'SSEWALL', '011.44.1345.529268', '1998-11-03', 'SA_REP', 7000, .25, 146, 80); 

INSERT INTO EMPLOYEES(EMPLOYEE_ID, FIRST_NAME, LAST_NAME, EMAIL, PHONE_NUMBER, HIRE_DATE, JOB_ID, SALARY, COMMISSION_PCT, MANAGER_ID, DEPARTMENT_ID)
VALUES(162, 'Clara', 'Vishney', 'CVISHNEY', '011.44.1346.129268', '1997-11-11', 'SA_REP', 10500, .25, 147, 80); 

INSERT INTO EMPLOYEES(EMPLOYEE_ID, FIRST_NAME, LAST_NAME, EMAIL, PHONE_NUMBER, HIRE_DATE, JOB_ID, SALARY, COMMISSION_PCT, MANAGER_ID, DEPARTMENT_ID)
VALUES(163, 'Danielle', 'Greene', 'DGREENE', '011.44.1346.229268', '1999-03-19', 'SA_REP', 9500, .15, 147, 80 );

INSERT INTO EMPLOYEES(EMPLOYEE_ID, FIRST_NAME, LAST_NAME, EMAIL, PHONE_NUMBER, HIRE_DATE, JOB_ID, SALARY, COMMISSION_PCT, MANAGER_ID, DEPARTMENT_ID)
VALUES(164, 'Mattea', 'Marvins', 'MMARVINS', '011.44.1346.329268', '2000-01-24', 'SA_REP', 7200, .1, 147, 80 );

INSERT INTO EMPLOYEES(EMPLOYEE_ID, FIRST_NAME, LAST_NAME, EMAIL, PHONE_NUMBER, HIRE_DATE, JOB_ID, SALARY, COMMISSION_PCT, MANAGER_ID, DEPARTMENT_ID)
VALUES(165, 'David', 'Lee', 'DLEE', '011.44.1346.529268', '2000-02-23', 'SA_REP', 6800, .1, 147, 80 );

INSERT INTO EMPLOYEES(EMPLOYEE_ID, FIRST_NAME, LAST_NAME, EMAIL, PHONE_NUMBER, HIRE_DATE, JOB_ID, SALARY, COMMISSION_PCT, MANAGER_ID, DEPARTMENT_ID)
VALUES(166, 'Sundar', 'Ande', 'SANDE', '011.44.1346.629268', '2000-03-24', 'SA_REP', 6400, .1, 147, 80); 

INSERT INTO EMPLOYEES(EMPLOYEE_ID, FIRST_NAME, LAST_NAME, EMAIL, PHONE_NUMBER, HIRE_DATE, JOB_ID, SALARY, COMMISSION_PCT, MANAGER_ID, DEPARTMENT_ID)
VALUES(167, 'Amit', 'Banda', 'ABANDA', '011.44.1346.729268', '2000-04-21', 'SA_REP', 6200, .1, 147, 80 );

INSERT INTO EMPLOYEES(EMPLOYEE_ID, FIRST_NAME, LAST_NAME, EMAIL, PHONE_NUMBER, HIRE_DATE, JOB_ID, SALARY, COMMISSION_PCT, MANAGER_ID, DEPARTMENT_ID)
VALUES(168, 'Lisa', 'Ozer', 'LOZER', '011.44.1343.929268', '1997-03-11', 'SA_REP', 11500, .25, 148, 80 );

INSERT INTO EMPLOYEES(EMPLOYEE_ID, FIRST_NAME, LAST_NAME, EMAIL, PHONE_NUMBER, HIRE_DATE, JOB_ID, SALARY, COMMISSION_PCT, MANAGER_ID, DEPARTMENT_ID)
VALUES(169, 'Harrison', 'Bloom', 'HBLOOM', '011.44.1343.829268', '1998-03-23', 'SA_REP', 10000, .2, 148, 80); 

INSERT INTO EMPLOYEES(EMPLOYEE_ID, FIRST_NAME, LAST_NAME, EMAIL, PHONE_NUMBER, HIRE_DATE, JOB_ID, SALARY, COMMISSION_PCT, MANAGER_ID, DEPARTMENT_ID)
VALUES(170, 'Tayler', 'Fox', 'TFOX', '011.44.1343.729268', '1998-01-24', 'SA_REP', 9600, .2, 148, 80 );

INSERT INTO EMPLOYEES(EMPLOYEE_ID, FIRST_NAME, LAST_NAME, EMAIL, PHONE_NUMBER, HIRE_DATE, JOB_ID, SALARY, COMMISSION_PCT, MANAGER_ID, DEPARTMENT_ID)
VALUES(171, 'William', 'Smith', 'WSMITH', '011.44.1343.629268', '1999-02-23', 'SA_REP', 7400, .15, 148, 80); 

INSERT INTO EMPLOYEES(EMPLOYEE_ID, FIRST_NAME, LAST_NAME, EMAIL, PHONE_NUMBER, HIRE_DATE, JOB_ID, SALARY, COMMISSION_PCT, MANAGER_ID, DEPARTMENT_ID)
VALUES(172, 'Elizabeth', 'Bates', 'EBATES', '011.44.1343.529268', '1999-03-24', 'SA_REP', 7300, .15, 148, 80); 

INSERT INTO EMPLOYEES(EMPLOYEE_ID, FIRST_NAME, LAST_NAME, EMAIL, PHONE_NUMBER, HIRE_DATE, JOB_ID, SALARY, COMMISSION_PCT, MANAGER_ID, DEPARTMENT_ID)
VALUES(173, 'Sundita', 'Kumar', 'SKUMAR', '011.44.1343.329268', '2000-04-21', 'SA_REP', 6100, .1, 148, 80 );

INSERT INTO EMPLOYEES(EMPLOYEE_ID, FIRST_NAME, LAST_NAME, EMAIL, PHONE_NUMBER, HIRE_DATE, JOB_ID, SALARY, COMMISSION_PCT, MANAGER_ID, DEPARTMENT_ID)
VALUES(174, 'Ellen', 'Abel', 'EABEL', '011.44.1644.429267', '1996-05-11', 'SA_REP', 11000, .3, 149, 80 );

INSERT INTO EMPLOYEES(EMPLOYEE_ID, FIRST_NAME, LAST_NAME, EMAIL, PHONE_NUMBER, HIRE_DATE, JOB_ID, SALARY, COMMISSION_PCT, MANAGER_ID, DEPARTMENT_ID)
VALUES(175, 'Alyssa', 'Hutton', 'AHUTTON', '011.44.1644.429266', '1997-03-19', 'SA_REP', 8800, .25, 149, 80); 

INSERT INTO EMPLOYEES(EMPLOYEE_ID, FIRST_NAME, LAST_NAME, EMAIL, PHONE_NUMBER, HIRE_DATE, JOB_ID, SALARY, COMMISSION_PCT, MANAGER_ID, DEPARTMENT_ID)
VALUES(176, 'Jonathon', 'Taylor', 'JTAYLOR', '011.44.1644.429265', '1998-03-24', 'SA_REP', 8600, .2, 149, 80 );

INSERT INTO EMPLOYEES(EMPLOYEE_ID, FIRST_NAME, LAST_NAME, EMAIL, PHONE_NUMBER, HIRE_DATE, JOB_ID, SALARY, COMMISSION_PCT, MANAGER_ID, DEPARTMENT_ID)
VALUES(177, 'Jack', 'Livingston', 'JLIVINGS', '011.44.1644.429264', '1998-04-23', 'SA_REP', 8400, .2, 149, 80 );

INSERT INTO EMPLOYEES(EMPLOYEE_ID, FIRST_NAME, LAST_NAME, EMAIL, PHONE_NUMBER, HIRE_DATE, JOB_ID, SALARY, COMMISSION_PCT, MANAGER_ID, DEPARTMENT_ID)
VALUES(178, 'Kimberely', 'Grant', 'KGRANT', '011.44.1644.429263', '1999-05-24', 'SA_REP', 7000, .15, 149, null);

INSERT INTO EMPLOYEES(EMPLOYEE_ID, FIRST_NAME, LAST_NAME, EMAIL, PHONE_NUMBER, HIRE_DATE, JOB_ID, SALARY, COMMISSION_PCT, MANAGER_ID, DEPARTMENT_ID)
VALUES(179, 'Charles', 'Johnson', 'CJOHNSON', '011.44.1644.429262', '2000-01-04', 'SA_REP', 6200, .1, 149, 80 );

INSERT INTO EMPLOYEES(EMPLOYEE_ID, FIRST_NAME, LAST_NAME, EMAIL, PHONE_NUMBER, HIRE_DATE, JOB_ID, SALARY, COMMISSION_PCT, MANAGER_ID, DEPARTMENT_ID)
VALUES(180, 'Winston', 'Taylor', 'WTAYLOR', '650.507.9876', '1998-01-24', 'SH_CLERK', 3200, null, 120, 50 );

INSERT INTO EMPLOYEES(EMPLOYEE_ID, FIRST_NAME, LAST_NAME, EMAIL, PHONE_NUMBER, HIRE_DATE, JOB_ID, SALARY, COMMISSION_PCT, MANAGER_ID, DEPARTMENT_ID)
VALUES(181, 'Jean', 'Fleaur', 'JFLEAUR', '650.507.9877', '1998-02-23', 'SH_CLERK', 3100, null, 120, 50 );

INSERT INTO EMPLOYEES(EMPLOYEE_ID, FIRST_NAME, LAST_NAME, EMAIL, PHONE_NUMBER, HIRE_DATE, JOB_ID, SALARY, COMMISSION_PCT, MANAGER_ID, DEPARTMENT_ID)
VALUES(182, 'Martha', 'Sullivan', 'MSULLIVA', '650.507.9878', '1999-06-21', 'SH_CLERK', 2500, null, 120, 50); 

INSERT INTO EMPLOYEES(EMPLOYEE_ID, FIRST_NAME, LAST_NAME, EMAIL, PHONE_NUMBER, HIRE_DATE, JOB_ID, SALARY, COMMISSION_PCT, MANAGER_ID, DEPARTMENT_ID)
VALUES(183, 'Girard', 'Geoni', 'GGEONI', '650.507.9879', '2000-02-03', 'SH_CLERK', 2800, null, 120, 50 );

INSERT INTO EMPLOYEES(EMPLOYEE_ID, FIRST_NAME, LAST_NAME, EMAIL, PHONE_NUMBER, HIRE_DATE, JOB_ID, SALARY, COMMISSION_PCT, MANAGER_ID, DEPARTMENT_ID)
VALUES(184, 'Nandita', 'Sarchand', 'NSARCHAN', '650.509.1876', '1996-01-27', 'SH_CLERK', 4200, null, 121, 50); 

INSERT INTO EMPLOYEES(EMPLOYEE_ID, FIRST_NAME, LAST_NAME, EMAIL, PHONE_NUMBER, HIRE_DATE, JOB_ID, SALARY, COMMISSION_PCT, MANAGER_ID, DEPARTMENT_ID)
VALUES(185, 'Alexis', 'Bull', 'ABULL', '650.509.2876', '1997-02-20', 'SH_CLERK', 4100, null, 121, 50 );

INSERT INTO EMPLOYEES(EMPLOYEE_ID, FIRST_NAME, LAST_NAME, EMAIL, PHONE_NUMBER, HIRE_DATE, JOB_ID, SALARY, COMMISSION_PCT, MANAGER_ID, DEPARTMENT_ID)
VALUES(186, 'Julia', 'Dellinger', 'JDELLING', '650.509.3876', '1998-06-24', 'SH_CLERK', 3400, null, 121, 50); 

INSERT INTO EMPLOYEES(EMPLOYEE_ID, FIRST_NAME, LAST_NAME, EMAIL, PHONE_NUMBER, HIRE_DATE, JOB_ID, SALARY, COMMISSION_PCT, MANAGER_ID, DEPARTMENT_ID)
VALUES(187, 'Anthony', 'Cabrio', 'ACABRIO', '650.509.4876', '1999-02-07', 'SH_CLERK', 3000, null, 121, 50 );

INSERT INTO EMPLOYEES(EMPLOYEE_ID, FIRST_NAME, LAST_NAME, EMAIL, PHONE_NUMBER, HIRE_DATE, JOB_ID, SALARY, COMMISSION_PCT, MANAGER_ID, DEPARTMENT_ID)
VALUES(188, 'Kelly', 'Chung', 'KCHUNG', '650.505.1876', '1997-06-14', 'SH_CLERK', 3800, null, 122, 50 );

INSERT INTO EMPLOYEES(EMPLOYEE_ID, FIRST_NAME, LAST_NAME, EMAIL, PHONE_NUMBER, HIRE_DATE, JOB_ID, SALARY, COMMISSION_PCT, MANAGER_ID, DEPARTMENT_ID)
VALUES(189, 'Jennifer', 'Dilly', 'JDILLY', '650.505.2876', '1997-08-13', 'SH_CLERK', 3600, null, 122, 50); 

INSERT INTO EMPLOYEES(EMPLOYEE_ID, FIRST_NAME, LAST_NAME, EMAIL, PHONE_NUMBER, HIRE_DATE, JOB_ID, SALARY, COMMISSION_PCT, MANAGER_ID, DEPARTMENT_ID)
VALUES(190, 'Timothy', 'Gates', 'TGATES', '650.505.3876', '1998-07-11', 'SH_CLERK', 2900, null, 122, 50 );

INSERT INTO EMPLOYEES(EMPLOYEE_ID, FIRST_NAME, LAST_NAME, EMAIL, PHONE_NUMBER, HIRE_DATE, JOB_ID, SALARY, COMMISSION_PCT, MANAGER_ID, DEPARTMENT_ID)
VALUES(191, 'Randall', 'Perkins', 'RPERKINS', '650.505.4876', '1999-12-19', 'SH_CLERK', 2500, null, 122, 50); 

INSERT INTO EMPLOYEES(EMPLOYEE_ID, FIRST_NAME, LAST_NAME, EMAIL, PHONE_NUMBER, HIRE_DATE, JOB_ID, SALARY, COMMISSION_PCT, MANAGER_ID, DEPARTMENT_ID)
VALUES(192, 'Sarah', 'Bell', 'SBELL', '650.501.1876', '1996-02-04', 'SH_CLERK', 4000, null, 123, 50 );

INSERT INTO EMPLOYEES(EMPLOYEE_ID, FIRST_NAME, LAST_NAME, EMAIL, PHONE_NUMBER, HIRE_DATE, JOB_ID, SALARY, COMMISSION_PCT, MANAGER_ID, DEPARTMENT_ID)
VALUES(193, 'Britney', 'Everett', 'BEVERETT', '650.501.2876', '1997-03-03', 'SH_CLERK', 3900, null, 123, 50); 

INSERT INTO EMPLOYEES(EMPLOYEE_ID, FIRST_NAME, LAST_NAME, EMAIL, PHONE_NUMBER, HIRE_DATE, JOB_ID, SALARY, COMMISSION_PCT, MANAGER_ID, DEPARTMENT_ID)
VALUES(194, 'Samuel', 'McCain', 'SMCCAIN', '650.501.3876', '1998-07-01', 'SH_CLERK', 3200, null, 123, 50 );

INSERT INTO EMPLOYEES(EMPLOYEE_ID, FIRST_NAME, LAST_NAME, EMAIL, PHONE_NUMBER, HIRE_DATE, JOB_ID, SALARY, COMMISSION_PCT, MANAGER_ID, DEPARTMENT_ID)
VALUES(195, 'Vance', 'Jones', 'VJONES', '650.501.4876', '1999-03-17', 'SH_CLERK', 2800, null, 123, 50 );

INSERT INTO EMPLOYEES(EMPLOYEE_ID, FIRST_NAME, LAST_NAME, EMAIL, PHONE_NUMBER, HIRE_DATE, JOB_ID, SALARY, COMMISSION_PCT, MANAGER_ID, DEPARTMENT_ID)
VALUES(196, 'Alana', 'Walsh', 'AWALSH', '650.507.9811', '1998-04-24', 'SH_CLERK', 3100, null, 124, 50 );

INSERT INTO EMPLOYEES(EMPLOYEE_ID, FIRST_NAME, LAST_NAME, EMAIL, PHONE_NUMBER, HIRE_DATE, JOB_ID, SALARY, COMMISSION_PCT, MANAGER_ID, DEPARTMENT_ID)
VALUES(197, 'Kevin', 'Feeney', 'KFEENEY', '650.507.9822', '1998-05-23', 'SH_CLERK', 3000, null, 124, 50 );

INSERT INTO EMPLOYEES(EMPLOYEE_ID, FIRST_NAME, LAST_NAME, EMAIL, PHONE_NUMBER, HIRE_DATE, JOB_ID, SALARY, COMMISSION_PCT, MANAGER_ID, DEPARTMENT_ID)
VALUES(198, 'Donald', 'OConnell', 'DOCONNEL', '650.507.9833', '1999-06-21', 'SH_CLERK', 2600, null, 124, 50); 

INSERT INTO EMPLOYEES(EMPLOYEE_ID, FIRST_NAME, LAST_NAME, EMAIL, PHONE_NUMBER, HIRE_DATE, JOB_ID, SALARY, COMMISSION_PCT, MANAGER_ID, DEPARTMENT_ID)
VALUES(199, 'Douglas', 'Grant', 'DGRANT', '650.507.9844', '2000-01-13', 'SH_CLERK', 2600, null, 124, 50 );

INSERT INTO EMPLOYEES(EMPLOYEE_ID, FIRST_NAME, LAST_NAME, EMAIL, PHONE_NUMBER, HIRE_DATE, JOB_ID, SALARY, COMMISSION_PCT, MANAGER_ID, DEPARTMENT_ID)
VALUES(200, 'Jennifer', 'Whalen', 'JWHALEN', '515.123.4444', '1987-09-17', 'AD_ASST',  4400, null, 101, 10 );

INSERT INTO EMPLOYEES(EMPLOYEE_ID, FIRST_NAME, LAST_NAME, EMAIL, PHONE_NUMBER, HIRE_DATE, JOB_ID, SALARY, COMMISSION_PCT, MANAGER_ID, DEPARTMENT_ID)
VALUES(201, 'Michael', 'Hartstein', 'MHARTSTE', '515.123.5555', '1996-02-17', 'MK_MAN', 13000, null, 100, 20); 

INSERT INTO EMPLOYEES(EMPLOYEE_ID, FIRST_NAME, LAST_NAME, EMAIL, PHONE_NUMBER, HIRE_DATE, JOB_ID, SALARY, COMMISSION_PCT, MANAGER_ID, DEPARTMENT_ID)
VALUES(202, 'Pat', 'Fay', 'PFAY', '603.123.6666', '1997-08-17', 'MK_REP', 6000, null, 201, 20 );

INSERT INTO EMPLOYEES(EMPLOYEE_ID, FIRST_NAME, LAST_NAME, EMAIL, PHONE_NUMBER, HIRE_DATE, JOB_ID, SALARY, COMMISSION_PCT, MANAGER_ID, DEPARTMENT_ID)
VALUES(203, 'Susan', 'Mavris', 'SMAVRIS', '515.123.7777', '1994-06-07', 'HR_REP', 6500, null, 101, 40); 

INSERT INTO EMPLOYEES(EMPLOYEE_ID, FIRST_NAME, LAST_NAME, EMAIL, PHONE_NUMBER, HIRE_DATE, JOB_ID, SALARY, COMMISSION_PCT, MANAGER_ID, DEPARTMENT_ID)
VALUES(204, 'Hermann', 'Baer', 'HBAER', '515.123.8888', '1994-06-07', 'PR_REP', 10000, null, 101, 70 );

INSERT INTO EMPLOYEES(EMPLOYEE_ID, FIRST_NAME, LAST_NAME, EMAIL, PHONE_NUMBER, HIRE_DATE, JOB_ID, SALARY, COMMISSION_PCT, MANAGER_ID, DEPARTMENT_ID)
VALUES(205, 'Shelley', 'Higgins', 'SHIGGINS', '515.123.8080', '1994-06-07', 'AC_MGR', 12000, null, 101, 110); 

INSERT INTO EMPLOYEES(EMPLOYEE_ID, FIRST_NAME, LAST_NAME, EMAIL, PHONE_NUMBER, HIRE_DATE, JOB_ID, SALARY, COMMISSION_PCT, MANAGER_ID, DEPARTMENT_ID)
VALUES(206, 'William', 'Gietz', 'WGIETZ', '515.123.8181', '1994-06-07', 'AC_ACCOUNT', 8300, null, 205, 110 );




alter table departments 
add CONSTRAINT DEPT_MGR_FK FOREIGN KEY(MANAGER_ID) REFERENCES EMPLOYEES(EMPLOYEE_ID);

SELECT * --> All Columns
FROM EMPLOYEES;

-->Specific Columns
Select EMPLOYEE_ID, LAST_NAME, HIRE_DATE, SALARY, JOB_ID, DEPARTMENT_ID
from EMPLOYEES;

--> Concat, Calculated columns, alias

select FIRST_NAME, EMPLOYEE_ID, LAST_NAME, JOB_ID, DEPARTMENT_ID
from EMPLOYEES;

select EMPLOYEE_ID, FIRST_NAME + ' ' + LAST_NAME as EMPLOYEE_NAME, JOB_ID, DEPARTMENT_ID, SALARY, SALARY * 12 AS [ANNUAL SALARY]
from EMPLOYEES;    --> AS is an optional keyword

select EMPLOYEE_ID, FIRST_NAME, SALARY*12*0.2 as TAX
from EMPLOYEES;    --> Alias can be only used in order by clause

-- Concat Function
select EMPLOYEE_ID, CONCAT(FIRST_NAME,' ',LAST_NAME) as EMPLOYEE_NAME, 
		JOB_ID, 
		DEPARTMENT_ID, 
		SALARY, 
		SALARY * 12 AS [ANNUAL SALARY], 
		SALARY*12*0.2 as TAX
from EMPLOYEES;

--> CAST function
select EMPLOYEE_ID, LAST_NAME +' - ' + CAST(SALARY as VARCHAR) as DETAILS, 
		JOB_ID, 
		DEPARTMENT_ID,  
		SALARY * 12 AS [ANNUAL SALARY], 
		SALARY*12*0.2 as TAX
from EMPLOYEES;
/* concat function used directly does not need cast function; 
	it does casting IMPLICITLY*/
select EMPLOYEE_ID, CONCAT(LAST_NAME , ' - ' , SALARY) as DETAILS, 
		JOB_ID, 
		DEPARTMENT_ID,  
		SALARY * 12 AS [ANNUAL SALARY], 
		SALARY*12*0.2 as TAX
from EMPLOYEES;

--> ISNULL Function: used to replace null values

select EMPLOYEE_ID, LAST_NAME, SALARY, JOB_ID,
		ISNULL(COMMISSION_PCT,0) AS COMMISSION, DEPARTMENT_ID
from EMPLOYEES;

select EMPLOYEE_ID, LAST_NAME, SALARY, JOB_ID,
		ISNULL(CAST(COMMISSION_PCT as VARCHAR),'NA') AS COMMISSION, DEPARTMENT_ID
from EMPLOYEES;

-- CASE WHEN THEN
-- department id: 50 --> 10% Hike
				--80 --> 20% Hike
		    	--Else --> No Hike
select EMPLOYEE_ID, LAST_NAME, SALARY, SALARY, JOB_ID, DEPARTMENT_ID,
	CASE WHEN DEPARTMENT_ID = 50 THEN '10% Hike'
		WHEN DEPARTMENT_ID = 80 THEN '20% Hike'
	ELSE 'No Hike' END AS APPRAISALS
from EMPLOYEES;

select EMPLOYEE_ID, LAST_NAME, SALARY, SALARY, JOB_ID, DEPARTMENT_ID,
	CASE WHEN DEPARTMENT_ID = 50 THEN SALARY * 1.10
		WHEN DEPARTMENT_ID = 80 THEN SALARY * 1.20
	ELSE SALARY END AS [REVISED SALARY]
from EMPLOYEES;


select EMPLOYEE_ID, LAST_NAME, SALARY, SALARY, JOB_ID, DEPARTMENT_ID,
	CASE WHEN DEPARTMENT_ID = 50 THEN CAST(SALARY * 1.10 as varchar)
		WHEN DEPARTMENT_ID = 80 THEN CAST(SALARY * 1.20 as varchar)
	ELSE 'NO HIKE' END AS [REVISED SALARY]
from EMPLOYEES;

select EMPLOYEE_ID, LAST_NAME, SALARY, SALARY, JOB_ID, DEPARTMENT_ID,
	CASE WHEN DEPARTMENT_ID = 50 THEN '10% Hike'
		WHEN DEPARTMENT_ID = 80 THEN '20% Hike'
	ELSE 'No Hike' END AS APPRAISALS,
	CASE WHEN DEPARTMENT_ID = 50 THEN SALARY * 1.10
		WHEN DEPARTMENT_ID = 80 THEN SALARY * 1.20
	ELSE SALARY END AS [REVISED SALARY]
from EMPLOYEES;

select getdate(); --> YYYY-MM-DD H:M:S:MilliSecs

--> Distinct 
select distinct JOB_ID
from EMPLOYEES;

select distinct MANAGER_ID
from EMPLOYEES;

select distinct DEPARTMENT_ID
from EMPLOYEES;

select distinct DEPARTMENT_ID, JOB_ID
from EMPLOYEES;

--> Sorting of Data --> Order By Clause

select EMPLOYEE_ID, LAST_NAME, SALARY, JOB_ID, HIRE_DATE, DEPARTMENT_ID
from EMPLOYEES;

select EMPLOYEE_ID, LAST_NAME, SALARY, JOB_ID, HIRE_DATE, DEPARTMENT_ID
from EMPLOYEES
order by DEPARTMENT_ID asc;

select EMPLOYEE_ID, LAST_NAME, SALARY, JOB_ID, HIRE_DATE, DEPARTMENT_ID
from EMPLOYEES
order by DEPARTMENT_ID desc;

--> sorting based on multiple columns
select  DEPARTMENT_ID, EMPLOYEE_ID, LAST_NAME, SALARY, JOB_ID, HIRE_DATE
from EMPLOYEES
order by DEPARTMENT_ID ASC, SALARY DESC;

select  DEPARTMENT_ID, EMPLOYEE_ID, LAST_NAME, SALARY, JOB_ID, HIRE_DATE
from EMPLOYEES
ORDER BY JOB_ID asc, HIRE_DATE ASC;

select  DEPARTMENT_ID, EMPLOYEE_ID, LAST_NAME, SALARY, JOB_ID, HIRE_DATE
from EMPLOYEES
order by DEPARTMENT_ID ASC, JOB_ID ASC, SALARY DESC;

--> Sorting using calculated column or Alias
select  DEPARTMENT_ID, EMPLOYEE_ID, LAST_NAME, SALARY, JOB_ID, HIRE_DATE,
        SALARY*0.3 As TAX, Year(HIRE_DATE) as [YEAR OF HIRING]
from EMPLOYEES
order by TAX ASC;

select  DEPARTMENT_ID, EMPLOYEE_ID, LAST_NAME, SALARY, JOB_ID, HIRE_DATE,
        SALARY*0.3 As TAX, Year(HIRE_DATE) as [YEAR OF HIRING]
from EMPLOYEES
order by [YEAR OF HIRING] DESC;

--> Sorting by numnber of column in the select list
select  DEPARTMENT_ID, EMPLOYEE_ID, LAST_NAME, SALARY, JOB_ID, HIRE_DATE,
        SALARY*0.3 As TAX, Year(HIRE_DATE) as [YEAR OF HIRING]
from EMPLOYEES
order by 4 DESC;

--> TOP N Analysis
select TOP 5 DEPARTMENT_ID, EMPLOYEE_ID, LAST_NAME, SALARY, JOB_ID, HIRE_DATE,
        SALARY*0.3 As TAX, Year(HIRE_DATE) as [YEAR OF HIRING]
from EMPLOYEES
order by SALARY DESC;

select TOP 10 DEPARTMENT_ID, EMPLOYEE_ID, LAST_NAME, SALARY, JOB_ID, HIRE_DATE,
        SALARY*0.3 As TAX, Year(HIRE_DATE) as [YEAR OF HIRING]
from EMPLOYEES
order by HIRE_DATE DESC;

select TOP 11 with ties DEPARTMENT_ID, EMPLOYEE_ID, LAST_NAME, SALARY, JOB_ID, HIRE_DATE,
        SALARY*0.3 As TAX, Year(HIRE_DATE) as [YEAR OF HIRING]
from EMPLOYEES
order by SALARY DESC; --> with ties includes those fields with the same salary value as the 11th.

-->Offset : skips n number of records from top

select DEPARTMENT_ID, EMPLOYEE_ID, LAST_NAME, SALARY, JOB_ID, HIRE_DATE,
        SALARY*0.3 As TAX, Year(HIRE_DATE) as [YEAR OF HIRING]
from EMPLOYEES
order by SALARY DESC
offset 10 rows; -- skip first 10 records

select DEPARTMENT_ID, EMPLOYEE_ID, LAST_NAME, SALARY, JOB_ID, HIRE_DATE,
        SALARY*0.3 As TAX, Year(HIRE_DATE) as [YEAR OF HIRING]
from EMPLOYEES
order by SALARY DESC
offset 20 rows fetch next 20 rows only; --fetching records 21 to 40

--> TOP cannot be used with OFFSET

select DEPARTMENT_ID, EMPLOYEE_ID, LAST_NAME, SALARY, JOB_ID, HIRE_DATE,
        SALARY*0.3 As TAX, Year(HIRE_DATE) as [YEAR OF HIRING]
from EMPLOYEES
order by SALARY desc
offset 0 rows fetch next 87 rows only; --hard code for skipping last 20 recs; will be done in windows functions using derived functions

---------- WHERE CLAUSES ----------

-->Comparison operators
SELECT EMPLOYEE_ID, LAST_NAME, SALARY, JOB_ID, HIRE_DATE,
	   DEPARTMENT_ID, COMMISSION_PCT
FROM EMPLOYEES
WHERE DEPARTMENT_ID = 60;

SELECT EMPLOYEE_ID, LAST_NAME, SALARY, JOB_ID, HIRE_DATE,
	   DEPARTMENT_ID, COMMISSION_PCT
FROM EMPLOYEES
WHERE SALARY >= 10000;

SELECT EMPLOYEE_ID, LAST_NAME, SALARY, JOB_ID, HIRE_DATE,
	   DEPARTMENT_ID, COMMISSION_PCT
FROM EMPLOYEES
WHERE JOB_ID = 'SA_REP';

SELECT EMPLOYEE_ID, LAST_NAME, SALARY, JOB_ID, HIRE_DATE,
	   DEPARTMENT_ID, COMMISSION_PCT
FROM EMPLOYEES
WHERE HIRE_DATE > '1998-01-01';

SELECT EMPLOYEE_ID, LAST_NAME, SALARY, JOB_ID, HIRE_DATE,
	   DEPARTMENT_ID, COMMISSION_PCT
FROM EMPLOYEES
WHERE DEPARTMENT_ID <> 80;

SELECT EMPLOYEE_ID, LAST_NAME, SALARY, JOB_ID, HIRE_DATE,
	   DEPARTMENT_ID, COMMISSION_PCT
FROM EMPLOYEES
WHERE DEPARTMENT_ID != 80;

SELECT EMPLOYEE_ID, LAST_NAME, SALARY, JOB_ID, HIRE_DATE,
	   DEPARTMENT_ID, COMMISSION_PCT
FROM EMPLOYEES
WHERE SALARY >= 10000/2; -- NON-SARGABLE:- will not work in seeking if index exists on salary column, will only scan

SELECT EMPLOYEE_ID, LAST_NAME, SALARY, JOB_ID, HIRE_DATE,
	   DEPARTMENT_ID, COMMISSION_PCT
FROM EMPLOYEES
WHERE SALARY >= 10000/2; -- SARGABLE 


--> Logical operators
-- AND - both conditions must be true
SELECT EMPLOYEE_ID, LAST_NAME, SALARY, JOB_ID, HIRE_DATE,
	   DEPARTMENT_ID, COMMISSION_PCT
FROM EMPLOYEES
WHERE DEPARTMENT_ID = 50 AND SALARY > 5000;

SELECT EMPLOYEE_ID, LAST_NAME, SALARY, JOB_ID, HIRE_DATE,
	   DEPARTMENT_ID, COMMISSION_PCT
FROM EMPLOYEES
WHERE JOB_ID = 'SA_REP' and HIRE_DATE > '19970101';

-- OR - any one or both conditions can be true
SELECT EMPLOYEE_ID, LAST_NAME, SALARY, JOB_ID, HIRE_DATE,
	   DEPARTMENT_ID, COMMISSION_PCT
FROM EMPLOYEES
WHERE DEPARTMENT_ID = 50 OR SALARY > 5000;

--> List operator
-- IN - internally works as or operator. There's no difference in efficiency of the two
SELECT EMPLOYEE_ID, LAST_NAME, SALARY, JOB_ID, HIRE_DATE,
	   DEPARTMENT_ID, COMMISSION_PCT
FROM EMPLOYEES
WHERE DEPARTMENT_ID IN (30, 60, 100)

SELECT EMPLOYEE_ID, LAST_NAME, SALARY, JOB_ID, HIRE_DATE,
	   DEPARTMENT_ID, COMMISSION_PCT
FROM EMPLOYEES
WHERE JOB_ID IN ('IT_PROG', 'SA_REP');


--> DETAILS OF ALL EMPLOYEES HIRED IN 1997
-- 1.
SELECT EMPLOYEE_ID, LAST_NAME, SALARY, JOB_ID, HIRE_DATE,
	   DEPARTMENT_ID, COMMISSION_PCT
FROM EMPLOYEES
WHERE YEAR(HIRE_DATE) = 1997; --NON SARGABLE; MEMORY INEFFCIENT

--2.
SELECT EMPLOYEE_ID, LAST_NAME, SALARY, JOB_ID, HIRE_DATE,
	   DEPARTMENT_ID, COMMISSION_PCT
FROM EMPLOYEES
WHERE HIRE_DATE LIKE '%1997%'; --IMPLICIT TYPECASTING PROBLEM; NON SARGABLE

--3. 
SELECT EMPLOYEE_ID, LAST_NAME, SALARY, JOB_ID, HIRE_DATE,
	   DEPARTMENT_ID, COMMISSION_PCT
FROM EMPLOYEES
WHERE HIRE_DATE >= '1997-01-01' AND HIRE_DATE <= '1997-12-31'; --MOST EFFICIENT; WILL ONLY BRING REQUIRED DATA IN THE MEMORY

--> Range operator
-- BETWEEN AND: it internally works as >= and <=
-- first we must give lower limit and then the upper limit
-- limit values are inclusive
SELECT EMPLOYEE_ID, LAST_NAME, SALARY, JOB_ID, HIRE_DATE,
	   DEPARTMENT_ID, COMMISSION_PCT
FROM EMPLOYEES
WHERE SALARY BETWEEN 8000 AND 10000;

--> Like operator
SELECT EMPLOYEE_ID, LAST_NAME, SALARY, JOB_ID, HIRE_DATE,
	   DEPARTMENT_ID, COMMISSION_PCT
FROM EMPLOYEES
WHERE LAST_NAME LIKE 'A%';

SELECT EMPLOYEE_ID, LAST_NAME, SALARY, JOB_ID, HIRE_DATE,
	   DEPARTMENT_ID, COMMISSION_PCT
FROM EMPLOYEES
WHERE SUBSTRING(LAST_NAME,1,1) = 'A'; --NON SARGABLE AT ALL!!

-- %: zero or more characters
-- _: one character
-- []: series of characters
-- ^: negation: it only works with box brackets []

SELECT EMPLOYEE_ID, LAST_NAME, SALARY, JOB_ID, HIRE_DATE,
	   DEPARTMENT_ID, COMMISSION_PCT
FROM EMPLOYEES
WHERE LAST_NAME LIKE '%y';

SELECT EMPLOYEE_ID, LAST_NAME, SALARY, JOB_ID, HIRE_DATE,
	   DEPARTMENT_ID, COMMISSION_PCT
FROM EMPLOYEES
WHERE LAST_NAME LIKE '%ll%';

SELECT EMPLOYEE_ID, LAST_NAME, SALARY, JOB_ID, HIRE_DATE,
	   DEPARTMENT_ID, COMMISSION_PCT
FROM EMPLOYEES
WHERE LAST_NAME LIKE '_e%';

SELECT EMPLOYEE_ID, LAST_NAME, SALARY, JOB_ID, HIRE_DATE,
	   DEPARTMENT_ID, COMMISSION_PCT
FROM EMPLOYEES
WHERE LAST_NAME LIKE '%i__';

SELECT EMPLOYEE_ID, LAST_NAME, SALARY, JOB_ID, HIRE_DATE,
	   DEPARTMENT_ID, COMMISSION_PCT
FROM EMPLOYEES
WHERE LAST_NAME LIKE '[A-D]%';

SELECT EMPLOYEE_ID, LAST_NAME, SALARY, JOB_ID, HIRE_DATE,
	   DEPARTMENT_ID, COMMISSION_PCT
FROM EMPLOYEES
WHERE LAST_NAME LIKE '[A,E,N,Z]%';

SELECT EMPLOYEE_ID, LAST_NAME, SALARY, JOB_ID, HIRE_DATE,
	   DEPARTMENT_ID, COMMISSION_PCT
FROM EMPLOYEES
WHERE LAST_NAME LIKE '%[X-Z]';

SELECT EMPLOYEE_ID, LAST_NAME, SALARY, JOB_ID, HIRE_DATE,
	   DEPARTMENT_ID, COMMISSION_PCT
FROM EMPLOYEES
WHERE LAST_NAME LIKE '[A-D][e-n]%';

SELECT EMPLOYEE_ID, LAST_NAME, SALARY, JOB_ID, HIRE_DATE,
	   DEPARTMENT_ID, COMMISSION_PCT
FROM EMPLOYEES
WHERE LAST_NAME LIKE '[^a-d]%'; -- ^ works only inside []

SELECT EMPLOYEE_ID, LAST_NAME, SALARY, JOB_ID, HIRE_DATE,
	   DEPARTMENT_ID, COMMISSION_PCT
FROM EMPLOYEES
WHERE LAST_NAME NOT LIKE '[a-d]%'; 

SELECT EMPLOYEE_ID, LAST_NAME, SALARY, JOB_ID, HIRE_DATE,
	   DEPARTMENT_ID, COMMISSION_PCT
FROM EMPLOYEES
WHERE LAST_NAME LIKE '';

SELECT EMPLOYEE_ID, LAST_NAME, SALARY, JOB_ID, HIRE_DATE,
	   DEPARTMENT_ID, COMMISSION_PCT
FROM EMPLOYEES
WHERE EMPLOYEE_ID between 138 and 141;

--> betweeen and is more efficient than in for ranges; the scans and logical reads remain constant

-->ISNULL operator: used to compare NULL values

SELECT EMPLOYEE_ID, LAST_NAME, SALARY, JOB_ID, HIRE_DATE,
	   DEPARTMENT_ID, COMMISSION_PCT
FROM EMPLOYEES
WHERE COMMISSION_PCT = NULL -- NO ROWS RETURNED

SELECT EMPLOYEE_ID, LAST_NAME, SALARY, JOB_ID, HIRE_DATE,
	   DEPARTMENT_ID, COMMISSION_PCT
FROM EMPLOYEES
WHERE COMMISSION_PCT IS NULL;

SELECT EMPLOYEE_ID, LAST_NAME, SALARY, JOB_ID, HIRE_DATE,
	   DEPARTMENT_ID, COMMISSION_PCT
FROM EMPLOYEES 
WHERE COMMISSION_PCT IS NOT NULL;

SELECT EMPLOYEE_ID, LAST_NAME, SALARY, JOB_ID, HIRE_DATE,
	   DEPARTMENT_ID, COMMISSION_PCT
FROM EMPLOYEES
WHERE MANAGER_ID IS NULL;

SELECT EMPLOYEE_ID, LAST_NAME, SALARY, JOB_ID, HIRE_DATE,
	   DEPARTMENT_ID, COMMISSION_PCT
FROM EMPLOYEES
WHERE DEPARTMENT_ID IS NULL;

SELECT EMPLOYEE_ID, LAST_NAME, SALARY, JOB_ID, HIRE_DATE,
	   DEPARTMENT_ID, COMMISSION_PCT
FROM EMPLOYEES
WHERE SALARY NOT BETWEEN 8000 AND 10000;

SELECT EMPLOYEE_ID, LAST_NAME, SALARY, JOB_ID, HIRE_DATE,
	   DEPARTMENT_ID, COMMISSION_PCT
FROM EMPLOYEES
WHERE DEPARTMENT_ID NOT IN (30, 60, 80);

--Functions like CAST, YEAR, CONCAT, ISNULL, SUBSTRING etc are called SINGLE ROW FXNS.

------AGGREGATE FUNCTIONS
SELECT COUNT(EMPLOYEE_ID) 
FROM EMPLOYEES; -- For a general count, always use primary key of a table, unless specified otherwise
	
SELECT COUNT(EMPLOYEE_ID) AS EMP_COUNT,
	   SUM(SALARY) AS TOTAL_SALARY,
	   AVG(SALARY) AS AVG_SALARY,
	   MIN(SALARY) AS MIN_SALARY,
	   MAX(SALARY) AS MAX_SALARY
FROM EMPLOYEES;

SELECT SUM(LAST_NAME)	--INAVLID QUERY; SAME RESULT FOR AVG
FROM EMPLOYEES; 

SELECT COUNT(EMPLOYEE_ID), COUNT(LAST_NAME), COUNT(SALARY), COUNT(HIRE_DATE)
FROM EMPLOYEES;

SELECT MIN(EMPLOYEE_ID) AS LEAST_EMP_ID, 
	   MIN(LAST_NAME) AS ALPHABETICALLY_FIRST, MAX(LAST_NAME) AS ALPHABETICALLY_LAST, 
	   MIN(HIRE_DATE)AS FIRST_EMP_HIRE_DATE, 
	   MAX(HIRE_DATE) AS LAST_EMP_HIRE_DATE
FROM EMPLOYEES;

-- THESE FUNCTIONS IGNORES NULL VALUES
SELECT COUNT(EMPLOYEE_ID), COUNT(DEPARTMENT_ID), COUNT(COMMISSION_PCT)
FROM EMPLOYEES;

-- WHILE USING AVG:
SELECT AVG(COMMISSION_PCT)
FROM EMPLOYEES;  -- GIVES WRONG CALCULATED RESULT; DIVIDES BY 35 INSTEAD OF 107

SELECT AVG(ISNULL(COMMISSION_PCT,0))
FROM EMPLOYEES;	--CORRECT RESULT.

SELECT ROUND(AVG(ISNULL(COMMISSION_PCT, 0)), 4)
FROM EMPLOYEES;	--CORRECT RESULT WHICH IS ALSO READABLE AND PRECISE.

-- IN THE ABOVE QUERY TWO SINGLE ROW FXNS (ROUND AND ISNULL) ARE USED WITH AN AGGREGATE FXN AVG.

-- GROUP BY AND HAVING

SELECT DEPARTMENT_ID, COUNT(EMPLOYEE_ID) AS EMP_COUNT
FROM EMPLOYEES
GROUP BY DEPARTMENT_ID;

SELECT DEPARTMENT_ID, COUNT(EMPLOYEE_ID) AS EMP_COUNT
FROM EMPLOYEES;			--INCORRECT

SELECT JOB_ID, COUNT(EMPLOYEE_ID) AS EMP_COUNT
FROM EMPLOYEES
GROUP BY JOB_ID;

SELECT YEAR(HIRE_DATE), COUNT(EMPLOYEE_ID) AS NO_OF_EMP
FROM EMPLOYEES
GROUP BY YEAR(HIRE_DATE);

SELECT MANAGER_ID, COUNT(EMPLOYEE_ID) AS EMP_COUNT
FROM EMPLOYEES
GROUP BY MANAGER_ID;

SELECT DEPARTMENT_ID,
	   COUNT(EMPLOYEE_ID) AS EMP_COUNT,
	   SUM(SALARY) AS TOTAL_SALARY,
	   ROUND(AVG(ISNULL(SALARY,0)), 3) AS AVG_SALARY,
	   MIN(SALARY) AS MIN_SALARY,
	   MAX(SALARY) AS MAX_SALARY
FROM EMPLOYEES
GROUP BY DEPARTMENT_ID;

SELECT JOB_ID , SUM(SALARY) AS TOTAL_SAL, 
	MIN(HIRE_DATE) AS FIRST_EMP, 
	MAX(HIRE_DATE) AS LAST_EMP,
	COUNT(EMPLOYEE_ID) AS EMP_COUNT
FROM EMPLOYEES
GROUP BY JOB_ID;

--GROUPING BASED ON MULTIPLE COLUMNS
SELECT DEPARTMENT_ID, JOB_ID, COUNT(EMPLOYEE_ID) AS NO_OF_EMP
FROM EMPLOYEES
GROUP BY DEPARTMENT_ID, JOB_ID	--UNORGANISED; THEREFORE USE OF ORDER BY IN THE SAME SEQUENCE IS ADVISED

SELECT DEPARTMENT_ID, JOB_ID, COUNT(EMPLOYEE_ID) AS NO_OF_EMP
FROM EMPLOYEES
GROUP BY DEPARTMENT_ID, JOB_ID
ORDER BY DEPARTMENT_ID, JOB_ID;

SELECT DEPARTMENT_ID, YEAR(HIRE_DATE) AS YEAR, COUNT(EMPLOYEE_ID) AS NO_OF_EMP
FROM EMPLOYEES
GROUP BY DEPARTMENT_ID, YEAR(HIRE_DATE)
ORDER BY DEPARTMENT_ID, YEAR;

--SOME SYSTEM FUNCTIONS
SELECT GETDATE();
SELECT YEAR(GETDATE());
SELECT MONTH(GETDATE());
SELECT DAY(GETDATE());
SELECT DATEPART(YYYY, GETDATE()); -- SAME AS YEAR(GETDATE()); MM: MONTH; DD: DAY
SELECT DATEPART(HH, GETDATE()) -- HH: HOURS; MI: MINUTES; SS: SECONDS; Q:QUARTER
SELECT DATENAME(DW, GETDATE()), DATENAME(MM, GETDATE()); --DW: WEEKDAY; MM: MONTH
SELECT DATEDIFF(DD, '2025-01-06', GETDATE());
SELECT DATEDIFF(MM, '2001-01-21', GETDATE());
SELECT DATEADD(MM, 3, GETDATE());
SELECT DATEADD(YYYY, 3, GETDATE());


SELECT YEAR(HIRE_DATE) AS YEAR, 
	DATEPART(Q,HIRE_DATE) AS QUARTER, 
	DATENAME(MM,HIRE_DATE) AS MONTH, 
	COUNT(EMPLOYEE_ID) AS NO_OF_EMP
FROM EMPLOYEES
GROUP BY YEAR(HIRE_DATE), DATEPART(Q, HIRE_DATE), DATENAME(MM,HIRE_DATE) 
ORDER BY 1,2,3;

SELECT DEPARTMENT_ID, COUNT(EMPLOYEE_ID) AS EMP_COUNT
from EMPLOYEES
GROUP BY DEPARTMENT_ID
HAVING COUNT(EMPLOYEE_ID) >= 5;

SELECT DEPARTMENT_ID, count(employee_id) as emp_count
FROM EMPLOYEES
where department_id IN (30,50)
GROUP BY DEPARTMENT_ID
HAVING count(EMPLOYEE_ID) >= 5;

SELECT JOB_ID, COUNT(EMPLOYEE_ID) AS EMP_COUNT
FROM EMPLOYEES
GROUP BY JOB_ID
HAVING COUNT(EMPLOYEE_ID) >= 10;

SELECT DEPARTMENT_ID,
	   COUNT(EMPLOYEE_ID) AS EMP_COUNT,
	   SUM(SALARY) AS TOTAL_SALARY,
	   ROUND(AVG(ISNULL(SALARY,0)), 3) AS AVG_SALARY,
	   MIN(SALARY) AS MIN_SALARY,
	   MAX(SALARY) AS MAX_SALARY
FROM EMPLOYEES
GROUP BY DEPARTMENT_ID
HAVING SUM(SALARY) >= 25000;

SELECT YEAR(HIRE_DATE) AS YEAR, COUNT(EMPLOYEE_ID) AS EMP_COUNT 
FROM EMPLOYEES
WHERE YEAR(HIRE_DATE) BETWEEN 1995 AND 1998
GROUP BY YEAR(HIRE_DATE);

SELECT COUNT(EMPLOYEE_ID) AS EMP_COUNT,
	SUM(CASE WHEN YEAR(HIRE_DATE) = 1995 THEN 1 ELSE 0 END) AS Y1995,
	SUM(CASE WHEN YEAR(HIRE_DATE) = 1996 THEN 1 ELSE 0 END) AS Y1996,
	SUM(CASE WHEN YEAR(HIRE_DATE) = 1997 THEN 1 ELSE 0 END) AS Y1997,
	SUM(CASE WHEN YEAR(HIRE_DATE) = 1998 THEN 1 ELSE 0 END) AS Y1998
FROM EMPLOYEES;

-- STRING FXNS
SELECT UPPER('vanshika'), lower('VANSHIKA'), REVERSE('VANSHIKA'), LEN('VANSHIKA');
SELECT LEFT('VANSHIKA',3), RIGHT('VANSHIKA',3), SUBSTRING('VANSHIKA',2,4);
SELECT REPLACE('JAVA TRAINING', 'JAVA', 'SQL');
SELECT REPLACE('JAVA TRAINING JAVA', 'JAVA', 'SQL');
SELECT LTRIM('      VANSHIKA  '), RTRIM('      VANSHIKA  '), TRIM('      VANSHIKA  ');

SELECT CONVERT(VARCHAR, GETDATE(), 101); --USA STANDARD IS 101(CAN BE FOUND ONLINE)
SELECT CONVERT(VARCHAR, GETDATE(), 104); --GERMAN STANDARD IS 104














































